-- Airport Management System --
-- DB Design Fall 2016--

CREATE TABLE CITY
(CNAME VARCHAR(15) NOT NULL,
STATE VARCHAR(15), 
COUNTRY VARCHAR(30),
PRIMARY KEY(CNAME));


-- Insering values of Table: CITY--
INSERT INTO CITY (CNAME, STATE, COUNTRY) VALUES('Louisville','Kentucky','United States');
INSERT INTO CITY (CNAME, STATE, COUNTRY) VALUES ('Chandigarh','Chandigarh','India');
INSERT INTO CITY (CNAME, STATE, COUNTRY) VALUES ('Fort Worth','Texas','United States');
INSERT INTO CITY (CNAME, STATE, COUNTRY) VALUES('Delhi','Delhi','India');
INSERT INTO CITY (CNAME, STATE, COUNTRY) VALUES('Mumbai','Maharashtra','India');
INSERT INTO CITY (CNAME, STATE, COUNTRY) VALUES('San Francisco', 'California', 'United States');
INSERT INTO CITY (CNAME, STATE, COUNTRY) VALUES('Frankfurt','Hesse','Germany');
INSERT INTO CITY (CNAME, STATE, COUNTRY) VALUES('Houston','Texas','United States');
INSERT INTO CITY (CNAME, STATE, COUNTRY) VALUES('New York City','New York','United States');
INSERT INTO CITY (CNAME, STATE, COUNTRY) VALUES('Tampa', 'Florida', 'United States');

CREATE TABLE AIRPORT
(AP_NAME VARCHAR(100) NOT NULL,
STATE VARCHAR(15), 
COUNTRY VARCHAR(30),
CNAME VARCHAR(15),
PRIMARY KEY(AP_NAME),
FOREIGN KEY(CNAME) REFERENCES CITY(CNAME) ON DELETE CASCADE);

--Insering values for Table: AIRPORT--

INSERT INTO AIRPORT (AP_NAME, STATE, COUNTRY, CNAME) VALUES('Louisville International Airport','Kentucky','United States','Louisville');
INSERT INTO AIRPORT (AP_NAME, STATE, COUNTRY, CNAME) VALUES('Chandigarh International Airport','Chandigarh','India','Chandigarh');
INSERT INTO AIRPORT (AP_NAME, STATE, COUNTRY, CNAME) VALUES('Dallas/Fort Worth International Airport','Texas','United States','Fort Worth');
INSERT INTO AIRPORT (AP_NAME, STATE, COUNTRY, CNAME) VALUES('Indira GandhiInternational Airport','Delhi','India','Delhi');
INSERT INTO AIRPORT (AP_NAME, STATE, COUNTRY, CNAME) VALUES('Chhatrapati Shivaji International Airport','Maharashtra','India','Mumbai');
INSERT INTO AIRPORT (AP_NAME, STATE, COUNTRY, CNAME) VALUES('San Francisco International Airport','California', 'United States','San Francisco');
INSERT INTO AIRPORT (AP_NAME, STATE, COUNTRY, CNAME) VALUES('Frankfurt Airport','Hesse','Germany','Frankfurt');
INSERT INTO AIRPORT (AP_NAME, STATE, COUNTRY, CNAME) VALUES('George Bush Intercontinental Airport','Texas','United States','Houston');
INSERT INTO AIRPORT (AP_NAME, STATE, COUNTRY, CNAME) VALUES('John F. Kennedy International Airport','New York','United States','New York City');
INSERT INTO AIRPORT (AP_NAME, STATE, COUNTRY, CNAME) VALUES('Tampa International Airport','Florida', 'United States','Tampa');


CREATE TABLE AIRLINE
(AIRLINEID VARCHAR(3) NOT NULL,
AL_NAME VARCHAR(50),
THREE_DIGIT_CODE VARCHAR(3),
PRIMARY KEY(AIRLINEID));

-- Insering values for Table: AIRLINE --

INSERT INTO AIRLINE (AIRLINEID, AL_NAME, THREE_DIGIT_CODE) VALUES('AA','American Airlines','001');
INSERT INTO AIRLINE (AIRLINEID, AL_NAME, THREE_DIGIT_CODE) VALUES('AI','Air India Limited','098');
INSERT INTO AIRLINE (AIRLINEID, AL_NAME, THREE_DIGIT_CODE) VALUES('LH','Lufthansa', '220');
INSERT INTO AIRLINE (AIRLINEID, AL_NAME, THREE_DIGIT_CODE) VALUES('BA','British Airways','125');
INSERT INTO AIRLINE (AIRLINEID, AL_NAME, THREE_DIGIT_CODE) VALUES('QR','Qatar Airways','157');
INSERT INTO AIRLINE (AIRLINEID, AL_NAME, THREE_DIGIT_CODE) VALUES('9W','Jet Airways','589');
INSERT INTO AIRLINE (AIRLINEID, AL_NAME, THREE_DIGIT_CODE) VALUES('EK','Emirates','176');
INSERT INTO AIRLINE (AIRLINEID, AL_NAME, THREE_DIGIT_CODE) VALUES('EY','Ethiad Airways','607');

CREATE TABLE CONTAINS
(AIRLINEID VARCHAR(3) NOT NULL,
AP_NAME VARCHAR(100) NOT NULL,
PRIMARY KEY(AIRLINEID, AP_NAME),
FOREIGN KEY(AIRLINEID) REFERENCES AIRLINE(AIRLINEID) ON DELETE CASCADE,
FOREIGN KEY(AP_NAME) REFERENCES AIRPORT(AP_NAME) ON DELETE CASCADE);

-- Insering values into Table: Contains--

INSERT INTO CONTAINS (AIRLINEID, AP_NAME) VALUES('AA','Louisville International Airport');
INSERT INTO CONTAINS (AIRLINEID, AP_NAME) VALUES('AA','John F. Kennedy International Airport');
INSERT INTO CONTAINS (AIRLINEID, AP_NAME) VALUES('AA','George Bush Intercontinental Airport');
INSERT INTO CONTAINS (AIRLINEID, AP_NAME) VALUES('AA','San Francisco International Airport');
INSERT INTO CONTAINS (AIRLINEID, AP_NAME) VALUES('AA','Tampa International Airport');

INSERT INTO CONTAINS (AIRLINEID, AP_NAME) VALUES('AI','Chandigarh International Airport');
INSERT INTO CONTAINS (AIRLINEID, AP_NAME) VALUES('AI','Dallas/Fort Worth International Airport');
INSERT INTO CONTAINS (AIRLINEID, AP_NAME) VALUES('AI','Indira GandhiInternational Airport');
INSERT INTO CONTAINS (AIRLINEID, AP_NAME) VALUES('AI','Chhatrapati Shivaji International Airport');
INSERT INTO CONTAINS (AIRLINEID, AP_NAME) VALUES('AI','George Bush Intercontinental Airport');

INSERT INTO CONTAINS (AIRLINEID, AP_NAME) VALUES('LH','Chhatrapati Shivaji International Airport');
INSERT INTO CONTAINS (AIRLINEID, AP_NAME) VALUES('LH','Frankfurt Airport');
INSERT INTO CONTAINS (AIRLINEID, AP_NAME) VALUES('LH','John F. Kennedy International Airport');
INSERT INTO CONTAINS (AIRLINEID, AP_NAME) VALUES('LH','San Francisco International Airport');
INSERT INTO CONTAINS (AIRLINEID, AP_NAME) VALUES('LH','Dallas/Fort Worth International Airport');

INSERT INTO CONTAINS (AIRLINEID, AP_NAME) VALUES('BA','John F. Kennedy International Airport');
INSERT INTO CONTAINS (AIRLINEID, AP_NAME) VALUES('BA','Chhatrapati Shivaji International Airport');
INSERT INTO CONTAINS (AIRLINEID, AP_NAME) VALUES('BA','Chandigarh International Airport');
INSERT INTO CONTAINS (AIRLINEID, AP_NAME) VALUES('BA','Frankfurt Airport');
INSERT INTO CONTAINS (AIRLINEID, AP_NAME) VALUES('BA','San Francisco International Airport');

INSERT INTO CONTAINS (AIRLINEID, AP_NAME) VALUES('QR','Chhatrapati Shivaji International Airport');
INSERT INTO CONTAINS (AIRLINEID, AP_NAME) VALUES('QR','Dallas/Fort Worth International Airport');
INSERT INTO CONTAINS (AIRLINEID, AP_NAME) VALUES('QR','John F. Kennedy International Airport');
INSERT INTO CONTAINS (AIRLINEID, AP_NAME) VALUES('QR','Tampa International Airport');
INSERT INTO CONTAINS (AIRLINEID, AP_NAME) VALUES('QR','Louisville International Airport');
